EvrMlti_0,0.0
EvrMlti_1,0.29401972424265543
YrsMlti_5,0.024179163314515004
YrsMlti_66,0.0
EvrVitC_0,0.0
EvrVitC_1,0.12302231621050849
EvrVitE_0,0.2731659929334177
EvrVitE_1,0.0
EvrCalc_0,0.0
EvrCalc_1,0.20905143798995893
